codigo_ibge,municipio,latitude,longitude,mesorregiao,microrregiao
3500105,Adamantina,-21.6820,-51.0737,Presidente Prudente,Adamantina
3500204,Adolfo,-21.2325,-49.6451,São José do Rio Preto,São José do Rio Preto
3500303,Aguaí,-22.0572,-46.9735,Campinas,Pirassununga
3500402,Águas da Prata,-21.9319,-46.7176,Campinas,São João da Boa Vista
3500501,Águas de Lindóia,-22.4733,-46.6314,Campinas,Amparo
3500550,Águas de Santa Bárbara,-22.8812,-49.2421,Bauru,Avaré
3500600,Águas de São Pedro,-22.5977,-47.8734,Piracicaba,Piracicaba
3500709,Agudos,-22.4694,-48.9863,Bauru,Bauru
3500758,Alambari,-23.5503,-47.8980,Itapetininga ,Itapetininga
3500808,Alfredo Marcondes,-21.9527,-51.4140,Presidente Prudente,Presidente Prudente
3500907,Altair,-20.5242,-49.0571,São José do Rio Preto,São José do Rio Preto
3501004,Altinópolis,-21.0214,-47.3712,Ribeirão Preto,Batatais
3501103,Alto Alegre,-21.5811,-50.1680,Araçatuba,Birigui
3501152,Alumínio,-23.5306,-47.2546,Macro Metropolitana Paulista,Sorocaba
3501202,Álvares Florence,-20.3203,-49.9141,São José do Rio Preto,Votuporanga
3501301,Álvares Machado,-22.0764,-51.4722,Presidente Prudente,Presidente Prudente
3501400,Álvaro de Carvalho,-22.0841,-49.719,Marília,Marília
3501509,Alvinlândia,-22.4435,-49.7623,Marília,Marília
3501608,Americana,-22.7374,-47.3331,Campinas,Campinas
3501707,Américo Brasiliense,-21.7288,-48.1147,Araraquara ,Araraquara
3501806,Américo de Campos,-20.2985,-49.7359,São José do Rio Preto,Votuporanga
3501905,Amparo,-22.7088,-46.772,Campinas,Amparo
3502002,Analândia,-22.1289,-47.6619,Araraquara ,São Carlos
3502101,Andradina,-20.8948,-51.3786,Araçatuba,Andradina
3502200,Angatuba,-23.4917,-48.4139,Itapetininga ,Itapetininga
3502309,Anhembi,-22.793,-48.1336,Bauru,Botucatu
3502408,Anhumas,-22.2934,-51.3895,Presidente Prudente,Presidente Prudente
3502507,Aparecida,-22.8495,-45.2325,Vale do Paraíba Paulista,Guaratinguetá
3502606,Aparecida d'Oeste,-20.4487,-50.8835,São José do Rio Preto,Jales
3502705,Apiaí,-24.5108,-48.8443,Itapetininga ,Capão Bonito
3502754,Araçariguama,-23.4366,-47.0608,Macro Metropolitana Paulista,Sorocaba
3502804,Araçatuba,-21.2076,-50.4401,Araçatuba,Araçatuba
3502903,Araçoiaba da Serra,-23.5029,-47.6166,Macro Metropolitana Paulista,Sorocaba
3503000,Aramina,-20.0882,-47.7873,Ribeirão Preto,Ituverava
3503109,Arandu,-23.1386,-49.0487,Bauru,Avaré
3503158,Arapeí,-22.6717,-44.4441,Vale do Paraíba Paulista,Bananal
3503208,Araraquara,-21.7845,-48.178,Araraquara ,Araraquara
3503307,Araras,-22.3572,-47.3842,Piracicaba,Limeira
3503356,Arco-Íris,-21.7728,-50.466,Marília,Tupã
3503406,Arealva,-22.031,-48.9135,Bauru,Bauru
3503505,Areias,-22.5786,-44.6992,Vale do Paraíba Paulista,Bananal
3503604,Areiópolis,-22.6672,-48.6681,Bauru,Bauru
3503703,Ariranha,-21.1872,-48.7904,São José do Rio Preto,Catanduva
3503802,Artur Nogueira,-22.5727,-47.1727,Campinas,Mogi Mirim
3503901,Arujá,-23.3965,-46.32,Metropolitana de São Paulo,Guarulhos
3503950,Aspásia,-20.16,-50.728,São José do Rio Preto,Jales
3504008,Assis,-22.66,-50.4183,Assis,Assis
3504107,Atibaia,-23.1171,-46.5563,Macro Metropolitana Paulista,Bragança Paulista
3504206,Auriflama,-20.6836,-50.5572,São José do Rio Preto,Auriflama
3504305,Avaí,-22.1514,-49.3356,Bauru,Bauru
3504404,Avanhandava,-21.4584,-49.9509,Araçatuba,Birigui
3504503,Avaré,-23.1067,-48.9251,Bauru,Avaré
3504602,Bady Bassitt,-20.9197,-49.4385,São José do Rio Preto,São José do Rio Preto
3504701,Balbinos,-21.8963,-49.3619,Bauru,Bauru
3504800,Bálsamo,-20.7348,-49.5865,São José do Rio Preto,São José do Rio Preto
3504909,Bananal,-22.6819,-44.3281,Vale do Paraíba Paulista,Bananal
3505005,Barão de Antonina,-23.6284,-49.5634,Itapetininga ,Itapeva
3505104,Barbosa,-21.2657,-49.9518,Araçatuba,Birigui
3505203,Bariri,-22.073,-48.7438,Bauru,Jaú
3505302,Barra Bonita,-22.4909,-48.5583,Bauru,Jaú
3505351,Barra do Chapéu,-24.4722,-49.0238,Itapetininga ,Capão Bonito
3505401,Barra do Turvo,-24.759,-48.5013,Litoral Sul Paulista,Registro
3505500,Barretos,-20.5531,-48.5698,Ribeirão Preto,Barretos
3505609,Barrinha,-21.1864,-48.1636,Ribeirão Preto,Ribeirão Preto
3505708,Barueri,-23.5057,-46.879,Metropolitana de São Paulo,Osasco
3505807,Bastos,-21.921,-50.7357,Marília,Tupã
3505906,Batatais,-20.8929,-47.5921,Ribeirão Preto,Batatais
3506003,Bauru,-22.3246,-49.0871,Bauru,Bauru
3506102,Bebedouro,-20.9491,-48.4791,Ribeirão Preto,Jaboticabal 
3506201,Bento de Abreu,-21.2686,-50.814,Araçatuba,Araçatuba
3506300,Bernardino de Campos,-23.0164,-49.4679,Assis,Ourinhos
3506359,Bertioga,-23.8486,-46.1396,Metropolitana de São Paulo,Santos
3506409,Bilac,-21.404,-50.4746,Araçatuba,Birigui
3506508,Birigui,-21.291,-50.3432,Araçatuba,Birigui
3506607,Biritiba-Mirim,-23.5698,-46.0407,Metropolitana de São Paulo,Mogi das Cruzes
3506706,Boa Esperança do Sul,-21.9918,-48.3906,Araraquara ,Araraquara
3506805,Bocaina,-22.1365,-48.523,Bauru,Jaú
3506904,Bofete,-23.1055,-48.2582,Bauru,Botucatu
3507001,Boituva,-23.2855,-47.6786,Itapetininga ,Tatuí
3507100,Bom Jesus dos Perdões,-23.1356,-46.4675,Macro Metropolitana Paulista,Bragança Paulista
3507159,Bom Sucesso de Itararé,-24.3155,-49.1451,Itapetininga ,Itapeva
3507209,Borá,-22.2696,-50.5409,Assis,Assis
3507308,Boracéia,-22.1926,-48.7808,Bauru,Jaú
3507407,Borborema,-21.6214,-49.0741,Araraquara ,Araraquara
3507456,Borebi,-22.5728,-48.9707,Bauru,Bauru
3507506,Botucatu,-22.8837,-48.4437,Bauru,Botucatu
3507605,Bragança Paulista,-22.9527,-46.5419,Macro Metropolitana Paulista,Bragança Paulista
3507704,Braúna,-21.499,-50.3175,Araçatuba,Birigui
3507753,Brejo Alegre,-21.1651,-50.1861,Araçatuba,Birigui
3507803,Brodowski,-20.9845,-47.6572,Ribeirão Preto,Ribeirão Preto
3507902,Brotas,-22.2795,-48.1251,Piracicaba,Rio Claro
3508009,Buri,-23.7977,-48.5958,Itapetininga ,Itapeva
3508108,Buritama,-21.0661,-50.1475,Araçatuba,Birigui
3508207,Buritizal,-20.1911,-47.7096,Ribeirão Preto,Ituverava
3508306,Cabrália Paulista,-22.4576,-49.3393,Bauru,Bauru
3508405,Cabreúva,-23.3053,-47.1362,Macro Metropolitana Paulista,Sorocaba
3508504,Caçapava,-23.0992,-45.7076,Vale do Paraíba Paulista,São José dos Campos
3508603,Cachoeira Paulista,-22.6665,-45.0154,Vale do Paraíba Paulista,Guaratinguetá
3508702,Caconde,-21.528,-46.6437,Campinas,São João da Boa Vista
3508801,Cafelândia,-21.8031,-49.6092,Bauru,Lins
3508900,Caiabu,-22.0127,-51.2394,Presidente Prudente,Presidente Prudente
3509007,Caieiras,-23.3607,-46.7397,Metropolitana de São Paulo,Franco da Rocha
3509106,Caiuá,-21.8322,-51.9969,Presidente Prudente,Presidente Prudente
3509205,Cajamar,-23.355,-46.8781,Metropolitana de São Paulo,Osasco
3509254,Cajati,-24.7324,-48.1223,Litoral Sul Paulista,Registro
3509304,Cajobi,-20.8773,-48.8063,São José do Rio Preto,Catanduva
3509403,Cajuru,-21.2749,-47.303,Ribeirão Preto,Batatais
3509452,Campina do Monte Alegre,-23.5895,-48.4758,Itapetininga ,Itapetininga
3509502,Campinas,-22.9053,-47.0659,Campinas,Campinas
3509601,Campo Limpo Paulista,-23.2078,-46.7889,Macro Metropolitana Paulista,Jundiaí
3509700,Campos do Jordão,-22.7296,-45.5833,Vale do Paraíba Paulista,Campos do Jordão
3509809,Campos Novos Paulista,-22.602,-49.9987,Assis,Assis
3509908,Cananéia,-25.0144,-47.9341,Litoral Sul Paulista,Registro
3509957,Canas,-22.7003,-45.0521,Vale do Paraíba Paulista,Guaratinguetá
3510005,Cândido Mota,-22.7471,-50.3873,Assis,Assis
3510104,Cândido Rodrigues,-21.3275,-48.6327,Ribeirão Preto,Jaboticabal 
3510153,Canitar,-23.004,-49.7839,Assis,Ourinhos
3510203,Capão Bonito,-24.0113,-48.3482,Itapetininga ,Capão Bonito
3510302,Capela do Alto,-23.4685,-47.7388,Macro Metropolitana Paulista,Sorocaba
3510401,Capivari,-22.9951,-47.5071,Piracicaba,Piracicaba
3510500,Caraguatatuba,-23.6125,-45.4125,Vale do Paraíba Paulista,Caraguatatuba
3510609,Carapicuíba,-23.5235,-46.8407,Metropolitana de São Paulo,Osasco
3510708,Cardoso,-20.08,-49.9183,São José do Rio Preto,Votuporanga
3510807,Casa Branca,-21.7708,-47.0852,Campinas,São João da Boa Vista
3510906,Cássia dos Coqueiros,-21.2801,-47.1643,Ribeirão Preto,Batatais
3511003,Castilho,-20.8689,-51.4884,Araçatuba,Andradina
3511102,Catanduva,-21.1314,-48.977,São José do Rio Preto,Catanduva
3511201,Catiguá,-21.0519,-49.0616,São José do Rio Preto,Catanduva
3511300,Cedral,-20.9009,-49.2664,São José do Rio Preto,São José do Rio Preto
3511409,Cerqueira César,-23.038,-49.1655,Bauru,Avaré
3511508,Cerquilho,-23.1665,-47.7459,Itapetininga ,Tatuí
3511607,Cesário Lange,-23.226,-47.9545,Itapetininga ,Tatuí
3511706,Charqueada,-22.5096,-47.7755,Piracicaba,Piracicaba
3557204,Chavantes,-23.0366,-49.7096,Assis,Ourinhos
3511904,Clementina,-21.5604,-50.4525,Araçatuba,Birigui
3512001,Colina,-20.7114,-48.5387,Ribeirão Preto,Barretos
3512100,Colômbia,-20.1768,-48.6865,Ribeirão Preto,Barretos
3512209,Conchal,-22.3375,-47.1729,Piracicaba,Limeira
3512308,Conchas,-23.0154,-48.0134,Bauru,Botucatu
3512407,Cordeirópolis,-22.4778,-47.4519,Piracicaba,Limeira
3512506,Coroados,-21.3521,-50.2859,Araçatuba,Birigui
3512605,Coronel Macedo,-23.6261,-49.31,Itapetininga ,Itapeva
3512704,Corumbataí,-22.2213,-47.6215,Piracicaba,Rio Claro
3512803,Cosmópolis,-22.6419,-47.1926,Campinas,Campinas
3512902,Cosmorama,-20.4755,-49.7827,São José do Rio Preto,Votuporanga
3513009,Cotia,-23.6022,-46.919,Metropolitana de São Paulo,Itapecerica da Serra
3513108,Cravinhos,-21.338,-47.7324,Ribeirão Preto,Ribeirão Preto
3513207,Cristais Paulista,-20.4036,-47.4209,Ribeirão Preto,Franca
3513306,Cruzália,-22.7373,-50.7909,Assis,Assis
3513405,Cruzeiro,-22.5728,-44.969,Vale do Paraíba Paulista,Guaratinguetá
3513504,Cubatão,-23.8911,-46.424,Metropolitana de São Paulo,Santos
3513603,Cunha,-23.0731,-44.9576,Vale do Paraíba Paulista,Paraibuna/Paraitinga
3513702,Descalvado,-21.9002,-47.6181,Araraquara ,São Carlos
3513801,Diadema,-23.6813,-46.6205,Metropolitana de São Paulo,São Paulo
3513850,Dirce Reis,-20.4642,-50.6073,São José do Rio Preto,Jales
3513900,Divinolândia,-21.6637,-46.7361,Campinas,São João da Boa Vista
3514007,Dobrada,-21.5155,-48.3935,Araraquara ,Araraquara
3514106,Dois Córregos,-22.3673,-48.3819,Bauru,Jaú
3514205,Dolcinópolis,-20.124,-50.5149,São José do Rio Preto,Jales
3514304,Dourado,-22.1044,-48.3178,Araraquara ,São Carlos
3514403,Dracena,-21.4843,-51.535,Presidente Prudente,Dracena
3514502,Duartina,-22.4146,-49.4084,Bauru,Bauru
3514601,Dumont,-21.2324,-47.9756,Ribeirão Preto,Ribeirão Preto
3514700,Echaporã,-22.4326,-50.2038,Marília,Marília
3514809,Eldorado,-24.5281,-48.1141,Litoral Sul Paulista,Registro
3514908,Elias Fausto,-23.0428,-47.3682,Campinas,Campinas
3514924,Elisiário,-21.1678,-49.1146,São José do Rio Preto,Catanduva
3514957,Embaúba,-20.9796,-48.8325,São José do Rio Preto,Catanduva
3515004,Embu das Artes,-23.6437,-46.8579,Metropolitana de São Paulo,Itapecerica da Serra
3515103,Embu-Guaçu,-23.8297,-46.8136,Metropolitana de São Paulo,Itapecerica da Serra
3515129,Emilianópolis,-21.8314,-51.4832,Presidente Prudente,Presidente Prudente
3515152,Engenheiro Coelho,-22.4836,-47.211,Campinas,Mogi Mirim
3515186,Espírito Santo do Pinhal,-22.1909,-46.7477,Campinas,São João da Boa Vista
3515194,Espírito Santo do Turvo,-22.6925,-49.4341,Assis,Ourinhos
3557303,Estiva Gerbi,-22.2713,-46.9481,Campinas,Mogi Mirim
3515202,Estrela d'Oeste,-20.2875,-50.4049,São José do Rio Preto,Fernandópolis
3515301,Estrela do Norte,-22.4859,-51.6632,Presidente Prudente,Presidente Prudente
3515350,Euclides da Cunha Paulista,-22.5545,-52.5928,Presidente Prudente,Presidente Prudente
3515400,Fartura,-23.3916,-49.5124,Assis,Ourinhos
3515608,Fernando Prestes,-21.2661,-48.6874,Ribeirão Preto,Jaboticabal 
3515509,Fernandópolis,-20.2806,-50.2471,São José do Rio Preto,Fernandópolis
3515657,Fernão,-22.3607,-49.5187,Marília,Marília
3515707,Ferraz de Vasconcelos,-23.5411,-46.371,Metropolitana de São Paulo,Mogi das Cruzes
3515806,Flora Rica,-21.6727,-51.3821,Presidente Prudente,Adamantina
3515905,Floreal,-20.6752,-50.1513,São José do Rio Preto,Auriflama
3516002,Flórida Paulista,-21.6127,-51.1724,Presidente Prudente,Adamantina
3516101,Florínia,-22.868,-50.6814,Assis,Assis
3516200,Franca,-20.5352,-47.4039,Ribeirão Preto,Franca
3516309,Francisco Morato,-23.2792,-46.7448,Metropolitana de São Paulo,Franco da Rocha
3516408,Franco da Rocha,-23.3229,-46.729,Metropolitana de São Paulo,Franco da Rocha
3516507,Gabriel Monteiro,-21.5294,-50.5573,Araçatuba,Birigui
3516606,Gália,-22.2918,-49.5504,Marília,Marília
3516705,Garça,-22.2125,-49.6546,Marília,Marília
3516804,Gastão Vidigal,-20.7948,-50.1912,São José do Rio Preto,Auriflama
3516853,Gavião Peixoto,-21.8367,-48.4957,Araraquara ,Araraquara
3516903,General Salgado,-20.6485,-50.364,São José do Rio Preto,Auriflama
3517000,Getulina,-21.7961,-49.9312,Bauru,Lins
3517109,Glicério,-21.3812,-50.2123,Araçatuba,Birigui
3517208,Guaiçara,-21.6195,-49.8013,Bauru,Lins
3517307,Guaimbê,-21.9091,-49.8986,Bauru,Lins
3517406,Guaíra,-20.3196,-48.312,Ribeirão Preto,São Joaquim da Barra
3517505,Guapiaçu,-20.7959,-49.2172,São José do Rio Preto,São José do Rio Preto
3517604,Guapiara,-24.1892,-48.5295,Itapetininga ,Capão Bonito
3517703,Guará,-20.4302,-47.8236,Ribeirão Preto,Ituverava
3517802,Guaraçaí,-21.0292,-51.2119,Araçatuba,Andradina
3517901,Guaraci,-20.4977,-48.9391,São José do Rio Preto,São José do Rio Preto
3518008,Guarani d'Oeste,-20.0746,-50.3411,São José do Rio Preto,Fernandópolis
3518107,Guarantã,-21.8942,-49.5914,Bauru,Bauru
3518206,Guararapes,-21.2544,-50.6453,Araçatuba,Araçatuba
3518305,Guararema,-23.4112,-46.0369,Metropolitana de São Paulo,Mogi das Cruzes
3518404,Guaratinguetá,-22.8075,-45.1938,Vale do Paraíba Paulista,Guaratinguetá
3518503,Guareí,-23.3714,-48.1837,Itapetininga ,Itapetininga
3518602,Guariba,-21.3594,-48.2316,Ribeirão Preto,Jaboticabal 
3518701,Guarujá,-23.9888,-46.258,Metropolitana de São Paulo,Santos
3518800,Guarulhos,-23.4538,-46.5333,Metropolitana de São Paulo,Guarulhos
3518859,Guatapará,-21.4944,-48.0356,Ribeirão Preto,Ribeirão Preto
3518909,Guzolândia,-20.6467,-50.6645,São José do Rio Preto,Auriflama
3519006,Herculândia,-22.0038,-50.3907,Marília,Tupã
3519055,Holambra,-22.6405,-47.0487,Campinas,Campinas
3519071,Hortolândia,-22.8529,-47.2143,Campinas,Campinas
3519105,Iacanga,-21.8896,-49.031,Bauru,Bauru
3519204,Iacri,-21.8572,-50.6932,Marília,Tupã
3519253,Iaras,-22.8682,-49.1634,Bauru,Avaré
3519303,Ibaté,-21.9584,-47.9882,Araraquara ,São Carlos
3519402,Ibirá,-21.083,-49.2448,São José do Rio Preto,São José do Rio Preto
3519501,Ibirarema,-22.8185,-50.0739,Assis,Assis
3519600,Ibitinga,-21.7562,-48.8319,Araraquara ,Araraquara
3519709,Ibiúna,-23.6596,-47.223,Macro Metropolitana Paulista,Piedade
3519808,Icém,-20.3391,-49.1915,São José do Rio Preto,São José do Rio Preto
3519907,Iepê,-22.6602,-51.0779,Assis,Assis
3520004,Igaraçu do Tietê,-22.509,-48.5597,Bauru,Jaú
3520103,Igarapava,-20.0407,-47.7466,Ribeirão Preto,Ituverava
3520202,Igaratá,-23.2037,-46.157,Vale do Paraíba Paulista,São José dos Campos
3520301,Iguape,-24.699,-47.5537,Litoral Sul Paulista,Registro
3520426,Ilha Comprida,-24.7307,-47.5383,Litoral Sul Paulista,Registro
3520442,Ilha Solteira,-20.4326,-51.3426,Araçatuba,Andradina
3520400,Ilhabela,-23.7785,-45.3552,Vale do Paraíba Paulista,Caraguatatuba
3520509,Indaiatuba,-23.0816,-47.2101,Campinas,Campinas
3520608,Indiana,-22.1738,-51.2555,Presidente Prudente,Presidente Prudente
3520707,Indiaporã,-19.979,-50.2909,São José do Rio Preto,Fernandópolis
3520806,Inúbia Paulista,-21.7695,-50.9633,Presidente Prudente,Adamantina
3520905,Ipaussu,-23.0575,-49.6279,Assis,Ourinhos
3521002,Iperó,-23.3513,-47.6927,Macro Metropolitana Paulista,Sorocaba
3521101,Ipeúna,-22.4355,-47.7151,Piracicaba,Rio Claro
3521150,Ipiguá,-20.6557,-49.3842,São José do Rio Preto,São José do Rio Preto
3521200,Iporanga,-24.5847,-48.5971,Itapetininga ,Capão Bonito
3521309,Ipuã,-20.4438,-48.0129,Ribeirão Preto,São Joaquim da Barra
3521408,Iracemápolis,-22.5832,-47.523,Piracicaba,Limeira
3521507,Irapuã,-21.2768,-49.4164,São José do Rio Preto,Novo Horizonte
3521606,Irapuru,-21.5684,-51.3472,Presidente Prudente,Adamantina
3521705,Itaberá,-23.8638,-49.14,Itapetininga ,Itapeva
3521804,Itaí,-23.4213,-49.092,Bauru,Avaré
3521903,Itajobi,-21.3123,-49.0629,São José do Rio Preto,Novo Horizonte
3522000,Itaju,-21.9857,-48.8116,Bauru,Jaú
3522109,Itanhaém,-24.1736,-46.788,Litoral Sul Paulista,Itanhaém
3522158,Itaóca,-24.6393,-48.8413,Itapetininga ,Capão Bonito
3522208,Itapecerica da Serra,-23.7161,-46.8572,Metropolitana de São Paulo,Itapecerica da Serra
3522307,Itapetininga,-23.5886,-48.0483,Itapetininga ,Itapetininga
3522406,Itapeva,-23.9788,-48.8764,Itapetininga ,Itapeva
3522505,Itapevi,-23.5488,-46.9327,Metropolitana de São Paulo,Osasco
3522604,Itapira,-22.4357,-46.8224,Campinas,Mogi Mirim
3522653,Itapirapuã Paulista,-24.572,-49.1661,Itapetininga ,Capão Bonito
3522703,Itápolis,-21.5942,-48.8149,Araraquara ,Araraquara
3522802,Itaporanga,-23.7043,-49.4819,Itapetininga ,Itapeva
3522901,Itapuí,-22.2324,-48.7197,Bauru,Jaú
3523008,Itapura,-20.6419,-51.5063,Araçatuba,Andradina
3523107,Itaquaquecetuba,-23.4835,-46.3457,Metropolitana de São Paulo,Mogi das Cruzes
3523206,Itararé,-24.1085,-49.3352,Itapetininga ,Itapeva
3523305,Itariri,-24.2834,-47.1736,Litoral Sul Paulista,Itanhaém
3523404,Itatiba,-23.0035,-46.8464,Macro Metropolitana Paulista,Bragança Paulista
3523503,Itatinga,-23.1047,-48.6157,Bauru,Avaré
3523602,Itirapina,-22.2562,-47.8166,Piracicaba,Rio Claro
3523701,Itirapuã,-20.6416,-47.2194,Ribeirão Preto,Franca
3523800,Itobi,-21.7309,-46.9743,Campinas,São João da Boa Vista
3523909,Itu,-23.2544,-47.2927,Macro Metropolitana Paulista,Sorocaba
3524006,Itupeva,-23.1526,-47.0593,Macro Metropolitana Paulista,Jundiaí
3524105,Ituverava,-20.3355,-47.7902,Ribeirão Preto,Ituverava
3524204,Jaborandi,-20.6884,-48.4112,Ribeirão Preto,São Joaquim da Barra
3524303,Jaboticabal,-21.252,-48.3252,Ribeirão Preto,Jaboticabal 
3524402,Jacareí,-23.2983,-45.9658,Vale do Paraíba Paulista,São José dos Campos
3524501,Jaci,-20.8805,-49.5797,São José do Rio Preto,São José do Rio Preto
3524600,Jacupiranga,-24.6963,-48.0064,Litoral Sul Paulista,Registro
3524709,Jaguariúna,-22.7037,-46.9851,Campinas,Campinas
3524808,Jales,-20.2672,-50.5494,São José do Rio Preto,Jales
3524907,Jambeiro,-23.2522,-45.6942,Vale do Paraíba Paulista,Paraibuna/Paraitinga
3525003,Jandira,-23.5275,-46.9023,Metropolitana de São Paulo,Osasco
3525102,Jardinópolis,-21.0176,-47.7606,Ribeirão Preto,Ribeirão Preto
3525201,Jarinu,-23.1039,-46.728,Macro Metropolitana Paulista,Bragança Paulista
3525300,Jaú,-22.2936,-48.5592,Bauru,Jaú
3525409,Jeriquara,-20.3116,-47.5918,Ribeirão Preto,Franca
3525508,Joanópolis,-22.927,-46.2741,Macro Metropolitana Paulista,Bragança Paulista
3525607,João Ramalho,-22.2473,-50.7694,Presidente Prudente,Presidente Prudente
3525706,José Bonifácio,-21.0551,-49.6892,São José do Rio Preto,São José do Rio Preto
3525805,Júlio Mesquita,-22.0112,-49.7873,Bauru,Lins
3525854,Jumirim,-23.0884,-47.7868,Piracicaba,Piracicaba
3525904,Jundiaí,-23.1852,-46.8974,Macro Metropolitana Paulista,Jundiaí
3526001,Junqueirópolis,-21.5103,-51.4342,Presidente Prudente,Dracena
3526100,Juquiá,-24.3101,-47.6426,Litoral Sul Paulista,Registro
3526209,Juquitiba,-23.9244,-47.0653,Metropolitana de São Paulo,Itapecerica da Serra
3526308,Lagoinha,-23.0846,-45.1944,Vale do Paraíba Paulista,Paraibuna/Paraitinga
3526407,Laranjal Paulista,-23.0506,-47.8375,Itapetininga ,Tatuí
3526506,Lavínia,-21.1639,-51.0412,Araçatuba,Araçatuba
3526605,Lavrinhas,-22.57,-44.9024,Vale do Paraíba Paulista,Guaratinguetá
3526704,Leme,-22.1809,-47.3841,Piracicaba,Limeira
3526803,Lençóis Paulista,-22.6027,-48.8037,Bauru,Bauru
3526902,Limeira,-22.566,-47.397,Piracicaba,Limeira
3527009,Lindóia,-22.5226,-46.65,Campinas,Amparo
3527108,Lins,-21.6718,-49.7526,Bauru,Lins
3527207,Lorena,-22.7334,-45.1197,Vale do Paraíba Paulista,Guaratinguetá
3527256,Lourdes,-20.966,-50.2263,Araçatuba,Birigui
3527306,Louveira,-23.0856,-46.9484,Macro Metropolitana Paulista,Jundiaí
3527405,Lucélia,-21.7182,-51.0215,Presidente Prudente,Adamantina
3527504,Lucianópolis,-22.4294,-49.522,Bauru,Bauru
3527603,Luís Antônio,-21.55,-47.7801,Ribeirão Preto,Ribeirão Preto
3527702,Luiziânia,-21.6737,-50.3294,Araçatuba,Birigui
3527801,Lupércio,-22.4146,-49.818,Marília,Marília
3527900,Lutécia,-22.3384,-50.394,Assis,Assis
3528007,Macatuba,-22.5002,-48.7102,Bauru,Jaú
3528106,Macaubal,-20.8022,-49.9687,São José do Rio Preto,Nhandeara 
3528205,Macedônia,-20.1444,-50.1973,São José do Rio Preto,Fernandópolis
3528304,Magda,-20.6445,-50.2305,São José do Rio Preto,Auriflama
3528403,Mairinque,-23.5398,-47.185,Macro Metropolitana Paulista,Sorocaba
3528502,Mairiporã,-23.3171,-46.5897,Metropolitana de São Paulo,Franco da Rocha
3528601,Manduri,-23.0056,-49.3202,Assis,Ourinhos
3528700,Marabá Paulista,-22.1068,-51.9617,Presidente Prudente,Presidente Prudente
3528809,Maracaí,-22.6149,-50.6713,Assis,Assis
3528858,Marapoama,-21.2587,-49.13,São José do Rio Preto,Novo Horizonte
3528908,Mariápolis,-21.7959,-51.1824,Presidente Prudente,Adamantina
3529005,Marília,-22.2171,-49.9501,Marília,Marília
3529104,Marinópolis,-20.4389,-50.8254,São José do Rio Preto,Jales
3529203,Martinópolis,-22.1462,-51.1709,Presidente Prudente,Presidente Prudente
3529302,Matão,-21.6025,-48.364,Araraquara ,Araraquara
3529401,Mauá,-23.6677,-46.4613,Metropolitana de São Paulo,São Paulo
3529500,Mendonça,-21.1757,-49.5791,São José do Rio Preto,São José do Rio Preto
3529609,Meridiano,-20.3579,-50.1811,São José do Rio Preto,Fernandópolis
3529658,Mesópolis,-19.9684,-50.6326,São José do Rio Preto,Jales
3529708,Miguelópolis,-20.1796,-48.031,Ribeirão Preto,São Joaquim da Barra
3529807,Mineiros do Tietê,-22.412,-48.451,Bauru,Jaú
3530003,Mira Estrela,-19.9789,-50.139,São José do Rio Preto,Fernandópolis
3529906,Miracatu,-24.2766,-47.4625,Litoral Sul Paulista,Registro
3530102,Mirandópolis,-21.1313,-51.1035,Araçatuba,Andradina
3530201,Mirante do Paranapanema,-22.2904,-51.9084,Presidente Prudente,Presidente Prudente
3530300,Mirassol,-20.8169,-49.5206,São José do Rio Preto,São José do Rio Preto
3530409,Mirassolândia,-20.6179,-49.4617,São José do Rio Preto,São José do Rio Preto
3530508,Mococa,-21.4647,-47.0024,Campinas,São João da Boa Vista
3530607,Mogi das Cruzes,-23.5208,-46.1854,Metropolitana de São Paulo,Mogi das Cruzes
3530706,Mogi Guaçu,-22.3675,-46.9428,Campinas,Mogi Mirim
3530805,Mogi Mirim,-22.4332,-46.9532,Campinas,Mogi Mirim
3530904,Mombuca,-22.9285,-47.559,Piracicaba,Piracicaba
3531001,Monções,-20.8509,-50.0975,São José do Rio Preto,Nhandeara 
3531100,Mongaguá,-24.0809,-46.6265,Litoral Sul Paulista,Itanhaém
3531209,Monte Alegre do Sul,-22.6817,-46.681,Campinas,Amparo
3531308,Monte Alto,-21.2655,-48.4971,Ribeirão Preto,Jaboticabal 
3531407,Monte Aprazível,-20.768,-49.7184,São José do Rio Preto,Nhandeara 
3531506,Monte Azul Paulista,-20.9065,-48.6387,Ribeirão Preto,Jaboticabal 
3531605,Monte Castelo,-21.2981,-51.5679,Presidente Prudente,Dracena
3531803,Monte Mor,-22.945,-47.3122,Campinas,Campinas
3531704,Monteiro Lobato,-22.9544,-45.8407,Vale do Paraíba Paulista,Campos do Jordão
3531902,Morro Agudo,-20.7288,-48.0581,Ribeirão Preto,São Joaquim da Barra
3532009,Morungaba,-22.8811,-46.7896,Macro Metropolitana Paulista,Bragança Paulista
3532058,Motuca,-21.5103,-48.1538,Araraquara ,Araraquara
3532108,Murutinga do Sul,-20.9908,-51.2774,Araçatuba,Andradina
3532157,Nantes,-22.6156,-51.24,Assis,Assis
3532207,Narandiba,-22.4057,-51.5274,Presidente Prudente,Presidente Prudente
3532306,Natividade da Serra,-23.3707,-45.4468,Vale do Paraíba Paulista,Paraibuna/Paraitinga
3532405,Nazaré Paulista,-23.1747,-46.3983,Macro Metropolitana Paulista,Bragança Paulista
3532504,Neves Paulista,-20.843,-49.6358,São José do Rio Preto,Nhandeara 
3532603,Nhandeara,-20.6945,-50.0436,São José do Rio Preto,Nhandeara 
3532702,Nipoã,-20.9114,-49.7833,São José do Rio Preto,Nhandeara 
3532801,Nova Aliança,-21.0156,-49.4986,São José do Rio Preto,São José do Rio Preto
3532827,Nova Campina,-24.1224,-48.9022,Itapetininga ,Itapeva
3532843,Nova Canaã Paulista,-20.3836,-50.9483,São José do Rio Preto,Jales
3532868,Nova Castilho,-20.7615,-50.3477,São José do Rio Preto,Auriflama
3532900,Nova Europa,-21.7765,-48.5705,Araraquara ,Araraquara
3533007,Nova Granada,-20.5321,-49.3123,São José do Rio Preto,São José do Rio Preto
3533106,Nova Guataporanga,-21.332,-51.6447,Presidente Prudente,Dracena
3533205,Nova Independência,-21.1026,-51.4905,Araçatuba,Andradina
3533304,Nova Luzitânia,-20.856,-50.2617,São José do Rio Preto,Auriflama
3533403,Nova Odessa,-22.7832,-47.2941,Campinas,Campinas
3533254,Novais,-20.9893,-48.9141,São José do Rio Preto,Catanduva
3533502,Novo Horizonte,-21.4651,-49.2234,São José do Rio Preto,Novo Horizonte
3533601,Nuporanga,-20.7296,-47.7429,Ribeirão Preto,São Joaquim da Barra
3533700,Ocauçu,-22.438,-49.922,Marília,Marília
3533809,Óleo,-22.9435,-49.3419,Assis,Ourinhos
3533908,Olímpia,-20.7366,-48.9106,São José do Rio Preto,São José do Rio Preto
3534005,Onda Verde,-20.6042,-49.2929,São José do Rio Preto,São José do Rio Preto
3534104,Oriente,-22.1549,-50.0971,Marília,Marília
3534203,Orindiúva,-20.1861,-49.3464,São José do Rio Preto,São José do Rio Preto
3534302,Orlândia,-20.7169,-47.8852,Ribeirão Preto,São Joaquim da Barra
3534401,Osasco,-23.5324,-46.7916,Metropolitana de São Paulo,Osasco
3534500,Oscar Bressane,-22.3149,-50.2811,Marília,Marília
3534609,Osvaldo Cruz,-21.7968,-50.8793,Presidente Prudente,Adamantina
3534708,Ourinhos,-22.9797,-49.8697,Assis,Ourinhos
3534807,Ouro Verde,-21.4872,-51.7024,Presidente Prudente,Dracena
3534757,Ouroeste,-20.0061,-50.3768,São José do Rio Preto,Fernandópolis
3534906,Pacaembu,-21.5627,-51.2654,Presidente Prudente,Adamantina
3535002,Palestina,-20.39,-49.4309,São José do Rio Preto,São José do Rio Preto
3535101,Palmares Paulista,-21.0854,-48.8037,São José do Rio Preto,Catanduva
3535200,Palmeira d'Oeste,-20.4148,-50.7632,São José do Rio Preto,Jales
3535309,Palmital,-22.7858,-50.218,Assis,Assis
3535408,Panorama,-21.354,-51.8562,Presidente Prudente,Dracena
3535507,Paraguaçu Paulista,-22.4114,-50.5732,Assis,Assis
3535606,Paraibuna,-23.3872,-45.6639,Vale do Paraíba Paulista,Paraibuna/Paraitinga
3535705,Paraíso,-21.0159,-48.7761,São José do Rio Preto,Catanduva
3535804,Paranapanema,-23.3862,-48.7214,Bauru,Avaré
3535903,Paranapuã,-20.1048,-50.5886,São José do Rio Preto,Jales
3536000,Parapuã,-21.7792,-50.7949,Presidente Prudente,Adamantina
3536109,Pardinho,-23.0841,-48.3679,Bauru,Botucatu
3536208,Pariquera-Açu,-24.7147,-47.8742,Litoral Sul Paulista,Registro
3536257,Parisi,-20.3034,-50.0163,São José do Rio Preto,Votuporanga
3536307,Patrocínio Paulista,-20.6384,-47.2801,Ribeirão Preto,Franca
3536406,Paulicéia,-21.3153,-51.8321,Presidente Prudente,Dracena
3536505,Paulínia,-22.7542,-47.1488,Campinas,Campinas
3536570,Paulistânia,-22.5768,-49.4008,Bauru,Bauru
3536604,Paulo de Faria,-20.0296,-49.4,São José do Rio Preto,São José do Rio Preto
3536703,Pederneiras,-22.3511,-48.7781,Bauru,Jaú
3536802,Pedra Bela,-22.7902,-46.4455,Campinas,Amparo
3536901,Pedranópolis,-20.2474,-50.1129,São José do Rio Preto,Fernandópolis
3537008,Pedregulho,-20.2535,-47.4775,Ribeirão Preto,Franca
3537107,Pedreira,-22.7413,-46.8948,Campinas,Campinas
3537156,Pedrinhas Paulista,-22.8174,-50.7933,Assis,Assis
3537206,Pedro de Toledo,-24.2764,-47.2354,Litoral Sul Paulista,Itanhaém
3537305,Penápolis,-21.4148,-50.0769,Araçatuba,Birigui
3537404,Pereira Barreto,-20.6368,-51.1123,Araçatuba,Andradina
3537503,Pereiras,-23.0804,-47.972,Itapetininga ,Tatuí
3537602,Peruíbe,-24.312,-47.0012,Litoral Sul Paulista,Itanhaém
3537701,Piacatu,-21.5921,-50.6003,Araçatuba,Birigui
3537800,Piedade,-23.7139,-47.4256,Macro Metropolitana Paulista,Piedade
3537909,Pilar do Sul,-23.8077,-47.7222,Macro Metropolitana Paulista,Piedade
3538006,Pindamonhangaba,-22.9246,-45.4613,Vale do Paraíba Paulista,São José dos Campos
3538105,Pindorama,-21.1853,-48.9086,São José do Rio Preto,Catanduva
3538204,Pinhalzinho,-22.7811,-46.5897,Campinas,Amparo
3538303,Piquerobi,-21.8747,-51.7282,Presidente Prudente,Presidente Prudente
3538501,Piquete,-22.6069,-45.1869,Vale do Paraíba Paulista,Guaratinguetá
3538600,Piracaia,-23.0525,-46.3594,Macro Metropolitana Paulista,Bragança Paulista
3538709,Piracicaba,-22.7338,-47.6476,Piracicaba,Piracicaba
3538808,Piraju,-23.1981,-49.3803,Assis,Ourinhos
3538907,Pirajuí,-21.999,-49.4608,Bauru,Bauru
3539004,Pirangi,-21.0886,-48.6607,Ribeirão Preto,Jaboticabal 
3539103,Pirapora do Bom Jesus,-23.3965,-46.9991,Metropolitana de São Paulo,Osasco
3539202,Pirapozinho,-22.2711,-51.4976,Presidente Prudente,Presidente Prudente
3539301,Pirassununga,-21.996,-47.4257,Campinas,Pirassununga
3539400,Piratininga,-22.4142,-49.1339,Bauru,Bauru
3539509,Pitangueiras,-21.0132,-48.221,Ribeirão Preto,Jaboticabal 
3539608,Planalto,-21.0342,-49.933,São José do Rio Preto,São José do Rio Preto
3539707,Platina,-22.6371,-50.2104,Assis,Assis
3539806,Poá,-23.5333,-46.3473,Metropolitana de São Paulo,Mogi das Cruzes
3539905,Poloni,-20.7829,-49.8258,São José do Rio Preto,Nhandeara 
3540002,Pompéia,-22.107,-50.176,Marília,Marília
3540101,Pongaí,-21.7396,-49.3604,Bauru,Bauru
3540200,Pontal,-21.0216,-48.0423,Ribeirão Preto,Ribeirão Preto
3540259,Pontalinda,-20.4396,-50.5258,São José do Rio Preto,Jales
3540309,Pontes Gestal,-20.1727,-49.7064,Ribeirão Preto,Votuporanga
3540408,Populina,-19.9453,-50.538,São José do Rio Preto,Jales
3540507,Porangaba,-23.1761,-48.1195,Itapetininga ,Tatuí
3540606,Porto Feliz,-23.2093,-47.5251,Macro Metropolitana Paulista,Sorocaba
3540705,Porto Ferreira,-21.8498,-47.487,Campinas,Pirassununga
3540754,Potim,-22.8343,-45.2552,Vale do Paraíba Paulista,Guaratinguetá
3540804,Potirendaba,-21.0428,-49.3815,São José do Rio Preto,São José do Rio Preto
3540853,Pracinha,-21.8496,-51.0868,Presidente Prudente,Adamantina
3540903,Pradópolis,-21.3626,-48.0679,Ribeirão Preto,Ribeirão Preto
3541000,Praia Grande,-24.0084,-46.4121,Metropolitana de São Paulo,Santos
3541059,Pratânia,-22.8112,-48.6636,Bauru,Botucatu
3541109,Presidente Alves,-22.0999,-49.4381,Bauru,Bauru
3541208,Presidente Bernardes,-22.0082,-51.5565,Presidente Prudente,Presidente Prudente
3541307,Presidente Epitácio,-21.7651,-52.1111,Presidente Prudente,Presidente Prudente
3541406,Presidente Prudente,-22.1207,-51.3925,Presidente Prudente,Presidente Prudente
3541505,Presidente Venceslau,-21.8732,-51.8447,Presidente Prudente,Presidente Prudente
3541604,Promissão,-21.5356,-49.8599,Bauru,Lins
3541653,Quadra,-23.2993,-48.0547,Itapetininga ,Tatuí
3541703,Quatá,-22.2456,-50.6966,Assis,Assis
3541802,Queiroz,-21.7969,-50.2415,Marília,Tupã
3541901,Queluz,-22.5312,-44.7781,Vale do Paraíba Paulista,Guaratinguetá
3542008,Quintana,-22.0692,-50.307,Marília,Tupã
3542107,Rafard,-23.0105,-47.5318,Piracicaba,Piracicaba
3542206,Rancharia,-22.2269,-50.893,Presidente Prudente,Presidente Prudente
3542305,Redenção da Serra,-23.2638,-45.5422,Vale do Paraíba Paulista,Paraibuna/Paraitinga
3542404,Regente Feijó,-22.2181,-51.3055,Presidente Prudente,Presidente Prudente
3542503,Reginópolis,-21.8914,-49.2268,Bauru,Bauru
3542602,Registro,-24.4979,-47.8449,Litoral Sul Paulista,Registro
3542701,Restinga,-20.6056,-47.4833,Ribeirão Preto,Franca
3542800,Ribeira,-24.6517,-49.0044,Itapetininga ,Capão Bonito
3542909,Ribeirão Bonito,-22.0685,-48.182,Araraquara ,São Carlos
3543006,Ribeirão Branco,-24.2206,-48.7635,Itapetininga ,Capão Bonito
3543105,Ribeirão Corrente,-20.4579,-47.5904,Ribeirão Preto,Franca
3543204,Ribeirão do Sul,-22.789,-49.933,Assis,Ourinhos
3543238,Ribeirão dos Índios,-21.8382,-51.6103,Presidente Prudente,Presidente Prudente
3543253,Ribeirão Grande,-24.1011,-48.3679,Itapetininga ,Capão Bonito
3543303,Ribeirão Pires,-23.7067,-46.4058,Metropolitana de São Paulo,São Paulo
3543402,Ribeirão Preto,-21.1699,-47.8099,Ribeirão Preto,Ribeirão Preto
3543600,Rifaina,-20.0803,-47.4291,Ribeirão Preto,Franca
3543709,Rincão,-21.5894,-48.0728,Araraquara ,Araraquara
3543808,Rinópolis,-21.7284,-50.7239,Presidente Prudente,Adamantina
3543907,Rio Claro,-22.3984,-47.5546,Piracicaba,Rio Claro
3544004,Rio das Pedras,-22.8417,-47.6047,Piracicaba,Piracicaba
3544103,Rio Grande da Serra,-23.7437,-46.3971,Metropolitana de São Paulo,São Paulo
3544202,Riolândia,-19.9868,-49.6836,São José do Rio Preto,Votuporanga
3543501,Riversul,-23.829,-49.429,Itapetininga ,Itapeva
3544251,Rosana,-22.5782,-53.0603,Presidente Prudente,Presidente Prudente
3544301,Roseira,-22.8938,-45.307,Vale do Paraíba Paulista,Guaratinguetá
3544400,Rubiácea,-21.3006,-50.7296,Araçatuba,Araçatuba
3544509,Rubinéia,-20.1759,-51.007,São José do Rio Preto,Jales
3544608,Sabino,-21.4593,-49.5755,Bauru,Lins
3544707,Sagres,-21.8823,-50.9594,Presidente Prudente,Adamantina
3544806,Sales,-21.3427,-49.4897,São José do Rio Preto,Novo Horizonte
3544905,Sales Oliveira,-20.7696,-47.8369,Ribeirão Preto,São Joaquim da Barra
3545001,Salesópolis,-23.5288,-45.8465,Metropolitana de São Paulo,Mogi das Cruzes
3545100,Salmourão,-21.6267,-50.8614,Presidente Prudente,Adamantina
3545159,Saltinho,-22.8442,-47.6754,Piracicaba,Piracicaba
3545209,Salto,-23.1996,-47.2931,Macro Metropolitana Paulista,Sorocaba
3545308,Salto de Pirapora,-23.6474,-47.5743,Macro Metropolitana Paulista,Sorocaba
3545407,Salto Grande,-22.8894,-49.9831,Assis,Ourinhos
3545506,Sandovalina,-22.4551,-51.7648,Presidente Prudente,Presidente Prudente
3545605,Santa Adélia,-21.2427,-48.8063,São José do Rio Preto,Catanduva
3545704,Santa Albertina,-20.0311,-50.7297,São José do Rio Preto,Jales
3545803,Santa Bárbara d'Oeste,-22.7553,-47.4143,Campinas,Campinas
3546009,Santa Branca,-23.3933,-45.8875,Vale do Paraíba Paulista,São José dos Campos
3546108,Santa Clara d'Oeste,-20.09,-50.9491,São José do Rio Preto,Jales
3546207,Santa Cruz da Conceição,-22.1405,-47.4512,Piracicaba,Limeira
3546256,Santa Cruz da Esperança,-21.2951,-47.4304,Ribeirão Preto,Batatais
3546306,Santa Cruz das Palmeiras,-21.8235,-47.248,Campinas,Pirassununga
3546405,Santa Cruz do Rio Pardo,-22.8988,-49.6354,Assis,Ourinhos
3546504,Santa Ernestina,-21.4618,-48.3953,Ribeirão Preto,Jaboticabal 
3546603,Santa Fé do Sul,-20.2083,-50.932,São José do Rio Preto,Jales
3546702,Santa Gertrudes,-22.4572,-47.5272,Piracicaba,Limeira
3546801,Santa Isabel,-23.3172,-46.2237,Metropolitana de São Paulo,Guarulhos
3546900,Santa Lúcia,-21.685,-48.0885,Araraquara ,Araraquara
3547007,Santa Maria da Serra,-22.5661,-48.1593,Piracicaba,Piracicaba
3547106,Santa Mercedes,-21.3495,-51.7564,Presidente Prudente,Dracena
3547403,Santa Rita d'Oeste,-20.1414,-50.8358,São José do Rio Preto,Jales
3547502,Santa Rita do Passa Quatro,-21.7083,-47.478,Ribeirão Preto,Ribeirão Preto
3547601,Santa Rosa de Viterbo,-21.4776,-47.3622,Ribeirão Preto,Ribeirão Preto
3547650,Santa Salete,-20.2429,-50.6887,São José do Rio Preto,Jales
3547205,Santana da Ponte Pensa,-20.2523,-50.8014,São José do Rio Preto,Jales
3547304,Santana de Parnaíba,-23.4439,-46.9178,Metropolitana de São Paulo,Osasco
3547700,Santo Anastácio,-21.9747,-51.6527,Presidente Prudente,Presidente Prudente
3547809,Santo André,-23.6737,-46.5432,Metropolitana de São Paulo,São Paulo
3547908,Santo Antônio da Alegria,-21.0864,-47.1464,Ribeirão Preto,Batatais
3548005,Santo Antônio de Posse,-22.6029,-46.9192,Campinas,Mogi Mirim
3548054,Santo Antônio do Aracanguá,-20.9331,-50.498,Araçatuba,Araçatuba
3548104,Santo Antônio do Jardim,-22.1121,-46.6845,Campinas,São João da Boa Vista
3548203,Santo Antônio do Pinhal,-22.827,-45.663,Vale do Paraíba Paulista,Campos do Jordão
3548302,Santo Expedito,-21.8467,-51.3929,Presidente Prudente,Presidente Prudente
3548401,Santópolis do Aguapeí,-21.6376,-50.5044,Araçatuba,Birigui
3548500,Santos,-23.9535,-46.335,Metropolitana de São Paulo,Santos
3548609,São Bento do Sapucaí,-22.6837,-45.7287,Vale do Paraíba Paulista,Campos do Jordão
3548708,São Bernardo do Campo,-23.6914,-46.5646,Metropolitana de São Paulo,São Paulo
3548807,São Caetano do Sul,-23.6229,-46.5548,Metropolitana de São Paulo,São Paulo
3548906,São Carlos,-22.0174,-47.886,Araraquara ,São Carlos
3549003,São Francisco,-20.3623,-50.6952,São José do Rio Preto,Jales
3549102,São João da Boa Vista,-21.9707,-46.7944,Campinas,São João da Boa Vista
3549201,São João das Duas Pontes,-20.3879,-50.3792,São José do Rio Preto,Fernandópolis
3549250,São João de Iracema,-20.5111,-50.3561,São José do Rio Preto,Auriflama
3549300,São João do Pau d'Alho,-21.2662,-51.6672,Presidente Prudente,Dracena
3549409,São Joaquim da Barra,-20.5812,-47.8593,Ribeirão Preto,São Joaquim da Barra
3549508,São José da Bela Vista,-20.5935,-47.6424,Ribeirão Preto,Franca
3549607,São José do Barreiro,-22.6414,-44.5774,Vale do Paraíba Paulista,Bananal
3549706,São José do Rio Pardo,-21.5953,-46.8873,Campinas,São João da Boa Vista
3549805,São José do Rio Preto,-20.8113,-49.3758,São José do Rio Preto,São José do Rio Preto
3549904,São José dos Campos,-23.1896,-45.8841,Vale do Paraíba Paulista,São José dos Campos
3549953,São Lourenço da Serra,-23.8491,-46.9432,Metropolitana de São Paulo,Itapecerica da Serra
3550001,São Luiz do Paraitinga,-23.222,-45.3109,Vale do Paraíba Paulista,Paraibuna/Paraitinga
3550100,São Manuel,-22.7321,-48.5723,Bauru,Botucatu
3550209,São Miguel Arcanjo,-23.8782,-47.9935,Macro Metropolitana Paulista,Piedade
3550308,São Paulo,-23.5329,-46.6395,Metropolitana de São Paulo,São Paulo
3550407,São Pedro,-22.5483,-47.9096,Piracicaba,Piracicaba
3550506,São Pedro do Turvo,-22.7453,-49.7428,Assis,Ourinhos
3550605,São Roque,-23.5226,-47.1357,Macro Metropolitana Paulista,Sorocaba
3550704,São Sebastião,-23.7951,-45.4143,Vale do Paraíba Paulista,Caraguatatuba
3550803,São Sebastião da Grama,-21.7041,-46.8208,Campinas,São João da Boa Vista
3550902,São Simão,-21.4732,-47.5518,Ribeirão Preto,Ribeirão Preto
3551009,São Vicente,-23.9574,-46.3883,Metropolitana de São Paulo,Santos
3551108,Sarapuí,-23.6397,-47.8249,Macro Metropolitana Paulista,Sorocaba
3551207,Sarutaiá,-23.2721,-49.4763,Assis,Ourinhos
3551306,Sebastianópolis do Sul,-20.6523,-49.925,São José do Rio Preto,Nhandeara 
3551405,Serra Azul,-21.3074,-47.5602,Ribeirão Preto,Ribeirão Preto
3551603,Serra Negra,-22.6139,-46.7033,Campinas,Amparo
3551504,Serrana,-21.2043,-47.5952,Ribeirão Preto,Ribeirão Preto
3551702,Sertãozinho,-21.1316,-47.9875,Ribeirão Preto,Ribeirão Preto
3551801,Sete Barras,-24.382,-47.9279,Litoral Sul Paulista,Registro
3551900,Severínia,-20.8108,-48.8054,São José do Rio Preto,Catanduva
3552007,Silveiras,-22.6638,-44.8522,Vale do Paraíba Paulista,Bananal
3552106,Socorro,-22.5903,-46.5251,Campinas,Amparo
3552205,Sorocaba,-23.4969,-47.4451,Macro Metropolitana Paulista,Sorocaba
3552304,Sud Mennucci,-20.6872,-50.9238,Araçatuba,Andradina
3552403,Sumaré,-22.8204,-47.2728,Campinas,Campinas
3552551,Suzanápolis,-20.4981,-51.0268,Araçatuba,Andradina
3552502,Suzano,-23.5448,-46.3112,Metropolitana de São Paulo,Mogi das Cruzes
3552601,Tabapuã,-20.9602,-49.0307,São José do Rio Preto,Catanduva
3552700,Tabatinga,-21.7239,-48.6896,Araraquara ,Araraquara
3552809,Taboão da Serra,-23.6019,-46.7526,Metropolitana de São Paulo,Itapecerica da Serra
3552908,Taciba,-22.3866,-51.2882,Presidente Prudente,Presidente Prudente
3553005,Taguaí,-23.4452,-49.4024,Assis,Ourinhos
3553104,Taiaçu,-21.1431,-48.5112,Ribeirão Preto,Jaboticabal 
3553203,Taiúva,-21.1223,-48.4528,Ribeirão Preto,Jaboticabal 
3553302,Tambaú,-21.7029,-47.2703,Campinas,São João da Boa Vista
3553401,Tanabi,-20.6228,-49.6563,São José do Rio Preto,São José do Rio Preto
3553500,Tapiraí,-23.9612,-47.5062,Macro Metropolitana Paulista,Piedade
3553609,Tapiratiba,-21.4713,-46.7448,Campinas,São João da Boa Vista
3553658,Taquaral,-21.0737,-48.4126,Ribeirão Preto,Jaboticabal 
3553708,Taquaritinga,-21.4049,-48.5103,Ribeirão Preto,Jaboticabal 
3553807,Taquarituba,-23.5307,-49.241,Itapetininga ,Itapeva
3553856,Taquarivaí,-23.9211,-48.6948,Itapetininga ,Itapeva
3553906,Tarabai,-22.3016,-51.5621,Presidente Prudente,Presidente Prudente
3553955,Tarumã,-22.7429,-50.5786,Assis,Assis
3554003,Tatuí,-23.3487,-47.8461,Itapetininga ,Tatuí
3554102,Taubaté,-23.0104,-45.5593,Vale do Paraíba Paulista,São José dos Campos
3554201,Tejupá,-23.3425,-49.3722,Assis,Ourinhos
3554300,Teodoro Sampaio,-22.5299,-52.1682,Presidente Prudente,Presidente Prudente
3554409,Terra Roxa,-20.787,-48.3314,Ribeirão Preto,Jaboticabal 
3554508,Tietê,-23.1101,-47.7164,Piracicaba,Piracicaba
3554607,Timburi,-23.2057,-49.6096,Assis,Ourinhos
3554656,Torre de Pedra,-23.2462,-48.1955,Itapetininga ,Tatuí
3554706,Torrinha,-22.4237,-48.1731,Piracicaba,Rio Claro
3554755,Trabiju,-22.0388,-48.3342,Araraquara ,Araraquara
3554805,Tremembé,-22.9571,-45.5475,Vale do Paraíba Paulista,São José dos Campos
3554904,Três Fronteiras,-20.2344,-50.8905,São José do Rio Preto,Jales
3554953,Tuiuti,-22.8193,-46.6937,Macro Metropolitana Paulista,Bragança Paulista
3555000,Tupã,-21.9335,-50.5191,Marília,Tupã
3555109,Tupi Paulista,-21.3825,-51.575,Presidente Prudente,Dracena
3555208,Turiúba,-20.9428,-50.1135,Araçatuba,Birigui
3555307,Turmalina,-20.0486,-50.4792,São José do Rio Preto,Fernandópolis
3555356,Ubarana,-21.165,-49.7198,São José do Rio Preto,São José do Rio Preto
3555406,Ubatuba,-23.4332,-45.0834,Vale do Paraíba Paulista,Caraguatatuba
3555505,Ubirajara,-22.5272,-49.6613,Bauru,Bauru
3555604,Uchoa,-20.9511,-49.1713,São José do Rio Preto,São José do Rio Preto
3555703,União Paulista,-20.8862,-49.9025,São José do Rio Preto,Nhandeara 
3555802,Urânia,-20.2455,-50.6455,São José do Rio Preto,Jales
3555901,Uru,-21.7866,-49.2848,Bauru,Bauru
3556008,Urupês,-21.2032,-49.2931,São José do Rio Preto,Novo Horizonte
3556107,Valentim Gentil,-20.4217,-50.0889,São José do Rio Preto,Votuporanga
3556206,Valinhos,-22.9698,-46.9974,Campinas,Campinas
3556305,Valparaíso,-21.2229,-50.8699,Araçatuba,Araçatuba
3556354,Vargem,-22.887,-46.4124,Macro Metropolitana Paulista,Bragança Paulista
3556404,Vargem Grande do Sul,-21.8322,-46.8913,Campinas,São João da Boa Vista
3556453,Vargem Grande Paulista,-23.5993,-47.022,Metropolitana de São Paulo,Itapecerica da Serra
3556503,Várzea Paulista,-23.2136,-46.8234,Macro Metropolitana Paulista,Jundiaí
3556602,Vera Cruz,-22.2183,-49.8207,Marília,Marília
3556701,Vinhedo,-23.0302,-46.9833,Campinas,Campinas
3556800,Viradouro,-20.8734,-48.293,Ribeirão Preto,Jaboticabal 
3556909,Vista Alegre do Alto,-21.1692,-48.6284,Ribeirão Preto,Jaboticabal 
3556958,Vitória Brasil,-20.1956,-50.4875,São José do Rio Preto,Jales
3557006,Votorantim,-23.5446,-47.4388,Macro Metropolitana Paulista,Sorocaba
3557105,Votuporanga,-20.4237,-49.9781,São José do Rio Preto,Votuporanga
3557154,Zacarias,-21.0506,-50.0552,São José do Rio Preto,São José do Rio Preto
